Altium Designer Pick and Place Locations
C:\Users\Public\Documents\Altium\Projects\Reactile_v3\Project Outputs for Reactile_v3\Pick Place for Reactile_v3.csv

========================================================================================================================
File Design Information:

Date:       21/06/18
Time:       01:27
Revision:   Not in VersionControl
Variant:    No variations
Units used: mil

"Designator","Comment","Layer","Footprint","Center-X(mil)","Center-Y(mil)","Rotation","Description"
"D64","1N4448X-TP","BottomLayer","SOD523F","46495.000","25820.432","90","DIODE GEN PURP 75V 250MA SOD523"
"D63","1N4448X-TP","BottomLayer","SOD523F","46495.000","25425.432","90","DIODE GEN PURP 75V 250MA SOD523"
"D62","1N4448X-TP","BottomLayer","SOD523F","46495.000","25030.432","90","DIODE GEN PURP 75V 250MA SOD523"
"D61","1N4448X-TP","BottomLayer","SOD523F","46495.000","24635.432","90","DIODE GEN PURP 75V 250MA SOD523"
"D60","1N4448X-TP","BottomLayer","SOD523F","46495.000","24240.433","90","DIODE GEN PURP 75V 250MA SOD523"
"D59","1N4448X-TP","BottomLayer","SOD523F","46495.000","23845.433","90","DIODE GEN PURP 75V 250MA SOD523"
"D58","1N4448X-TP","BottomLayer","SOD523F","46495.000","23450.433","90","DIODE GEN PURP 75V 250MA SOD523"
"D57","1N4448X-TP","BottomLayer","SOD523F","46495.000","23055.433","90","DIODE GEN PURP 75V 250MA SOD523"
"D56","1N4448X-TP","BottomLayer","SOD523F","46115.000","25820.432","90","DIODE GEN PURP 75V 250MA SOD523"
"D55","1N4448X-TP","BottomLayer","SOD523F","46115.000","25425.432","90","DIODE GEN PURP 75V 250MA SOD523"
"D54","1N4448X-TP","BottomLayer","SOD523F","46115.000","25030.432","90","DIODE GEN PURP 75V 250MA SOD523"
"D53","1N4448X-TP","BottomLayer","SOD523F","46115.000","24635.432","90","DIODE GEN PURP 75V 250MA SOD523"
"D52","1N4448X-TP","BottomLayer","SOD523F","46115.000","24240.433","90","DIODE GEN PURP 75V 250MA SOD523"
"D51","1N4448X-TP","BottomLayer","SOD523F","46115.000","23845.433","90","DIODE GEN PURP 75V 250MA SOD523"
"D50","1N4448X-TP","BottomLayer","SOD523F","46115.000","23450.433","90","DIODE GEN PURP 75V 250MA SOD523"
"D49","1N4448X-TP","BottomLayer","SOD523F","46115.000","23055.433","90","DIODE GEN PURP 75V 250MA SOD523"
"D48","1N4448X-TP","BottomLayer","SOD523F","45735.000","25820.432","90","DIODE GEN PURP 75V 250MA SOD523"
"D47","1N4448X-TP","BottomLayer","SOD523F","45735.000","25425.432","90","DIODE GEN PURP 75V 250MA SOD523"
"D46","1N4448X-TP","BottomLayer","SOD523F","45735.000","25030.432","90","DIODE GEN PURP 75V 250MA SOD523"
"D45","1N4448X-TP","BottomLayer","SOD523F","45735.000","24635.432","90","DIODE GEN PURP 75V 250MA SOD523"
"D44","1N4448X-TP","BottomLayer","SOD523F","45735.000","24240.433","90","DIODE GEN PURP 75V 250MA SOD523"
"D43","1N4448X-TP","BottomLayer","SOD523F","45735.000","23845.433","90","DIODE GEN PURP 75V 250MA SOD523"
"D42","1N4448X-TP","BottomLayer","SOD523F","45735.000","23450.433","90","DIODE GEN PURP 75V 250MA SOD523"
"D41","1N4448X-TP","BottomLayer","SOD523F","45735.000","23055.433","90","DIODE GEN PURP 75V 250MA SOD523"
"D40","1N4448X-TP","BottomLayer","SOD523F","45355.000","25820.432","90","DIODE GEN PURP 75V 250MA SOD523"
"D39","1N4448X-TP","BottomLayer","SOD523F","45355.000","25425.432","90","DIODE GEN PURP 75V 250MA SOD523"
"D38","1N4448X-TP","BottomLayer","SOD523F","45355.000","25030.432","90","DIODE GEN PURP 75V 250MA SOD523"
"D37","1N4448X-TP","BottomLayer","SOD523F","45355.000","24635.432","90","DIODE GEN PURP 75V 250MA SOD523"
"D36","1N4448X-TP","BottomLayer","SOD523F","45355.000","24240.433","90","DIODE GEN PURP 75V 250MA SOD523"
"D35","1N4448X-TP","BottomLayer","SOD523F","45355.000","23845.433","90","DIODE GEN PURP 75V 250MA SOD523"
"D34","1N4448X-TP","BottomLayer","SOD523F","45355.000","23450.433","90","DIODE GEN PURP 75V 250MA SOD523"
"D33","1N4448X-TP","BottomLayer","SOD523F","45355.000","23055.433","90","DIODE GEN PURP 75V 250MA SOD523"
"D32","1N4448X-TP","BottomLayer","SOD523F","44975.000","25820.432","90","DIODE GEN PURP 75V 250MA SOD523"
"D31","1N4448X-TP","BottomLayer","SOD523F","44975.000","25425.432","90","DIODE GEN PURP 75V 250MA SOD523"
"D30","1N4448X-TP","BottomLayer","SOD523F","44975.000","25030.432","90","DIODE GEN PURP 75V 250MA SOD523"
"D29","1N4448X-TP","BottomLayer","SOD523F","44975.000","24635.432","90","DIODE GEN PURP 75V 250MA SOD523"
"D28","1N4448X-TP","BottomLayer","SOD523F","44975.000","24240.433","90","DIODE GEN PURP 75V 250MA SOD523"
"D27","1N4448X-TP","BottomLayer","SOD523F","44975.000","23845.433","90","DIODE GEN PURP 75V 250MA SOD523"
"D26","1N4448X-TP","BottomLayer","SOD523F","44975.000","23450.433","90","DIODE GEN PURP 75V 250MA SOD523"
"D25","1N4448X-TP","BottomLayer","SOD523F","44975.000","23055.433","90","DIODE GEN PURP 75V 250MA SOD523"
"D24","1N4448X-TP","BottomLayer","SOD523F","44595.000","25820.432","90","DIODE GEN PURP 75V 250MA SOD523"
"D23","1N4448X-TP","BottomLayer","SOD523F","44595.000","25425.432","90","DIODE GEN PURP 75V 250MA SOD523"
"D22","1N4448X-TP","BottomLayer","SOD523F","44595.000","25030.432","90","DIODE GEN PURP 75V 250MA SOD523"
"D21","1N4448X-TP","BottomLayer","SOD523F","44595.000","24635.432","90","DIODE GEN PURP 75V 250MA SOD523"
"D20","1N4448X-TP","BottomLayer","SOD523F","44595.000","24240.433","90","DIODE GEN PURP 75V 250MA SOD523"
"D19","1N4448X-TP","BottomLayer","SOD523F","44595.000","23845.433","90","DIODE GEN PURP 75V 250MA SOD523"
"D18","1N4448X-TP","BottomLayer","SOD523F","44595.000","23450.433","90","DIODE GEN PURP 75V 250MA SOD523"
"D17","1N4448X-TP","BottomLayer","SOD523F","44595.000","23055.433","90","DIODE GEN PURP 75V 250MA SOD523"
"D16","1N4448X-TP","BottomLayer","SOD523F","44215.000","25820.432","90","DIODE GEN PURP 75V 250MA SOD523"
"D15","1N4448X-TP","BottomLayer","SOD523F","44215.000","25425.432","90","DIODE GEN PURP 75V 250MA SOD523"
"D14","1N4448X-TP","BottomLayer","SOD523F","44215.000","25030.432","90","DIODE GEN PURP 75V 250MA SOD523"
"D13","1N4448X-TP","BottomLayer","SOD523F","44215.000","24635.432","90","DIODE GEN PURP 75V 250MA SOD523"
"D12","1N4448X-TP","BottomLayer","SOD523F","44215.000","24240.433","90","DIODE GEN PURP 75V 250MA SOD523"
"D11","1N4448X-TP","BottomLayer","SOD523F","44215.000","23845.433","90","DIODE GEN PURP 75V 250MA SOD523"
"D10","1N4448X-TP","BottomLayer","SOD523F","44215.000","23450.433","90","DIODE GEN PURP 75V 250MA SOD523"
"D9","1N4448X-TP","BottomLayer","SOD523F","44215.000","23055.433","90","DIODE GEN PURP 75V 250MA SOD523"
"D8","1N4448X-TP","BottomLayer","SOD523F","43835.000","25820.433","90","DIODE GEN PURP 75V 250MA SOD523"
"D7","1N4448X-TP","BottomLayer","SOD523F","43835.000","25425.557","90","DIODE GEN PURP 75V 250MA SOD523"
"D6","1N4448X-TP","BottomLayer","SOD523F","43835.000","25030.680","90","DIODE GEN PURP 75V 250MA SOD523"
"D5","1N4448X-TP","BottomLayer","SOD523F","43835.000","24635.804","90","DIODE GEN PURP 75V 250MA SOD523"
"D4","1N4448X-TP","BottomLayer","SOD523F","43835.000","24240.928","90","DIODE GEN PURP 75V 250MA SOD523"
"D3","1N4448X-TP","BottomLayer","SOD523F","43835.000","23846.052","90","DIODE GEN PURP 75V 250MA SOD523"
"D2","1N4448X-TP","BottomLayer","SOD523F","43835.000","23451.176","90","DIODE GEN PURP 75V 250MA SOD523"
"D1","1N4448X-TP","BottomLayer","SOD523F","43835.000","23055.433","90","DIODE GEN PURP 75V 250MA SOD523"
"*","Component_1","TopLayer","PCBComponent_1","45205.000","24274.350","0",""
"FET_POWER_IN","20020110-D021A01LF","TopLayer","FCI_06-381-2PIN","47250.000","23005.000","90","TERM BLOCK HDR 2POS R/A 3.81MM"
"N1","IRFML8244TRPBF","BottomLayer","INFINEON_SOT-23-3","46900.001","25825.000","180","MOSFET N-CH 25V 5.8A SOT23"
"N2","IRFML8244TRPBF","BottomLayer","INFINEON_SOT-23-3","46900.001","25430.000","180","MOSFET N-CH 25V 5.8A SOT23"
"N3","IRFML8244TRPBF","BottomLayer","INFINEON_SOT-23-3","46900.001","25035.000","180","MOSFET N-CH 25V 5.8A SOT23"
"N4","IRFML8244TRPBF","BottomLayer","INFINEON_SOT-23-3","46900.001","24640.000","180","MOSFET N-CH 25V 5.8A SOT23"
"N5","IRFML8244TRPBF","BottomLayer","INFINEON_SOT-23-3","46900.001","24245.000","180","MOSFET N-CH 25V 5.8A SOT23"
"N6","IRFML8244TRPBF","BottomLayer","INFINEON_SOT-23-3","46900.001","23850.000","180","MOSFET N-CH 25V 5.8A SOT23"
"N7","IRFML8244TRPBF","BottomLayer","INFINEON_SOT-23-3","46900.001","23455.000","180","MOSFET N-CH 25V 5.8A SOT23"
"N8","IRFML8244TRPBF","BottomLayer","INFINEON_SOT-23-3","46900.001","23060.000","180","MOSFET N-CH 25V 5.8A SOT23"
"N_PIN_IN","20020110-D031A01LF","TopLayer","FCI_06-381-3PIN","47060.000","22380.000","360","TERM BLOCK HDR 3POS R/A 3.81MM"
"NS1","74HC595PW,118","BottomLayer","SOP65P640X110-16N","47162.000","24450.000","270","8-bit serial-in%2C serial or parallel-out shift register with output latches%3B 3-state"
"P1","NTR4171PT1G","BottomLayer","ON_SEMI_SOT-23-3","43885.000","22595.630","90","MOSFET P-CH 30V 2.2A SOT23"
"P2","NTR4171PT1G","BottomLayer","ON_SEMI_SOT-23-3","44265.000","22595.630","90","MOSFET P-CH 30V 2.2A SOT23"
"P3","NTR4171PT1G","BottomLayer","ON_SEMI_SOT-23-3","44645.000","22595.630","90","MOSFET P-CH 30V 2.2A SOT23"
"P4","NTR4171PT1G","BottomLayer","ON_SEMI_SOT-23-3","45025.000","22595.630","90","MOSFET P-CH 30V 2.2A SOT23"
"P5","NTR4171PT1G","BottomLayer","ON_SEMI_SOT-23-3","45405.000","22595.630","90","MOSFET P-CH 30V 2.2A SOT23"
"P6","NTR4171PT1G","BottomLayer","ON_SEMI_SOT-23-3","45785.000","22595.630","90","MOSFET P-CH 30V 2.2A SOT23"
"P7","NTR4171PT1G","BottomLayer","ON_SEMI_SOT-23-3","46165.000","22595.630","90","MOSFET P-CH 30V 2.2A SOT23"
"P8","NTR4171PT1G","BottomLayer","ON_SEMI_SOT-23-3","46545.000","22595.630","90","MOSFET P-CH 30V 2.2A SOT23"
"P_PIN_IN","20020110-D031A01LF","TopLayer","FCI_06-381-3PIN","46475.000","22380.000","360","TERM BLOCK HDR 3POS R/A 3.81MM"
"POWER_IN","20020110-D021A01LF","TopLayer","FCI_06-381-2PIN","47250.000","23530.000","90","TERM BLOCK HDR 2POS R/A 3.81MM"
"PS1","74HC595PW,118","BottomLayer","SOP65P640X110-16N","45215.000","22390.000","180","8-bit serial-in%2C serial or parallel-out shift register with output latches%3B 3-state"
